state,district,electricity_perc,drinking_water_perc,computer_perc,internet_perc,student_teacher_ratio,total_schools,total_students,total_teachers
Andhra Pradesh,Alluri Sitharama Raju,98.86,97.09,71.2,74.94,15.0,1325,121900,8147
Andhra Pradesh,Anakapalli,79.53,97.33,42.74,35.68,22.3,982,120786,5416
Andhra Pradesh,Ananthapuramu,96.77,99.38,80.19,77.37,16.2,1940,230860,14255
Andhra Pradesh,Annamayya,42.31,73.23,4.67,9.04,30.2,668,83500,2761
Andhra Pradesh,Bapatla,92.43,90.86,43.84,31.99,22.1,912,96672,4377
Andhra Pradesh,Chittoor,100.0,99.34,70.9,82.92,16.8,929,128202,7610
Andhra Pradesh,Dr. B.R. Ambedkar Konaseema,94.19,94.66,36.61,31.91,29.3,1590,166950,5693
Andhra Pradesh,East Godavari,98.22,97.89,75.43,87.31,22.1,1171,175650,7959
Andhra Pradesh,Eluru,90.17,86.77,48.61,50.38,27.9,1825,74825,2686
Andhra Pradesh,Guntur,99.73,99.09,82.61,80.83,12.0,1112,144560,12009
Andhra Pradesh,Kakinada,100.0,98.48,78.53,75.48,20.7,1331,138424,6672
Andhra Pradesh,Krishna,91.08,90.49,54.69,27.98,26.7,1043,79268,2970
Andhra Pradesh,Kurnool,89.78,91.31,45.05,32.65,22.3,1031,112379,5030
Andhra Pradesh,Nandyal,97.3,98.84,88.23,96.98,18.5,1303,152451,8230
Andhra Pradesh,NTR,95.62,98.97,85.48,100.0,17.4,1320,155760,8939
Andhra Pradesh,Palnadu,80.99,95.71,52.52,42.91,24.4,1761,135597,5565
Andhra Pradesh,Prakasam,91.52,100.0,35.09,29.34,28.4,998,72854,2565
Andhra Pradesh,Sri Potti Sriramulu Nellore,88.41,84.69,49.74,25.81,34.2,886,97460,2849
Andhra Pradesh,Sri Sathya Sai,92.88,83.85,47.27,48.07,21.6,1273,161671,7495
Andhra Pradesh,Srikakulam,64.38,52.63,4.08,10.61,43.8,1300,169000,3860
Andhra Pradesh,Tirupati,83.92,91.16,47.93,27.86,35.5,1389,116676,3290
Andhra Pradesh,Visakhapatnam,99.48,98.03,91.3,90.43,15.5,1585,209220,13465
Andhra Pradesh,Vizianagaram,92.93,99.48,42.55,27.46,24.4,873,102141,4178
Andhra Pradesh,West Godavari,90.05,91.38,53.27,35.13,33.8,1094,219894,6503
Andhra Pradesh,YSR Kadapa,91.75,85.71,34.29,39.82,27.1,1485,198990,7341
Andhra Pradesh,Parvathipuram Manyam,98.39,98.15,72.88,75.98,20.6,1285,105370,5122
Arunachal Pradesh,Anjaw,55.29,73.72,20.62,8.04,50.0,1595,200970,4020
Arunachal Pradesh,Changlang,89.06,84.24,29.99,36.65,24.6,1184,121952,4962
Arunachal Pradesh,Dibang Valley,33.54,68.57,9.51,8.4,36.6,1066,176956,4829
Arunachal Pradesh,East Kameng,56.54,70.5,4.37,19.95,53.1,1745,251280,4735
Arunachal Pradesh,East Siang,55.18,69.42,18.29,4.86,39.3,532,51072,1298
Arunachal Pradesh,Kamle,74.94,61.66,10.09,9.59,32.3,1578,247746,7663
Arunachal Pradesh,Kra Daadi,59.53,81.51,4.04,17.22,37.6,688,77056,2048
Arunachal Pradesh,Kurung Kumey,98.0,89.9,35.67,22.05,27.6,402,32160,1166
Arunachal Pradesh,Lepa Rada,97.26,96.62,43.72,30.34,28.2,2139,282348,10000
Arunachal Pradesh,Lohit,93.46,88.99,45.61,41.47,28.5,441,69678,2444
Arunachal Pradesh,Longding,47.62,86.11,16.12,8.35,44.6,1156,121380,2719
Arunachal Pradesh,Lower Dibang Valley,89.25,94.42,40.35,28.78,26.6,1580,257540,9689
Arunachal Pradesh,Lower Siang,59.34,70.81,8.22,12.38,45.3,915,60390,1332
Arunachal Pradesh,Lower Subansiri,40.35,58.31,18.97,15.76,39.4,1036,131572,3342
Arunachal Pradesh,Namsai,98.52,99.93,80.81,88.54,17.3,1541,171051,9897
Arunachal Pradesh,Pakke Kessang,47.64,84.12,18.39,0.5,39.3,1681,141204,3591
Arunachal Pradesh,Papum Pare,64.25,71.67,7.81,7.96,30.0,1908,209880,6996
Arunachal Pradesh,Shi Yomi,92.82,93.07,58.58,30.67,28.8,1423,207758,7209
Arunachal Pradesh,Siang,100.0,98.52,79.69,92.24,11.9,1828,201080,16913
Arunachal Pradesh,Tawang,54.95,58.18,11.71,14.36,46.6,1397,170434,3655
Arunachal Pradesh,Tirap,37.65,56.56,9.94,10.29,42.4,1593,213462,5032
Arunachal Pradesh,Upper Siang,55.65,87.76,14.44,5.84,53.2,1680,292320,5498
Arunachal Pradesh,Upper Subansiri,87.33,94.88,30.47,42.84,27.4,657,98550,3600
Arunachal Pradesh,West Kameng,77.14,80.44,48.62,40.71,31.9,1496,245344,7695
Arunachal Pradesh,West Siang,63.4,63.68,11.56,6.59,43.8,761,98930,2260
Assam,Bajali,87.48,89.99,40.74,47.75,27.6,1574,160548,5809
Assam,Baksa,59.96,78.42,1.0,4.72,45.6,1685,212310,4659
Assam,Barpeta,55.59,81.11,19.64,3.66,42.7,1344,229824,5382
Assam,Biswanath,93.2,89.48,47.2,16.16,31.9,1458,227448,7135
Assam,Bongaigaon,53.27,66.28,9.11,2.26,38.4,472,69384,1807
Assam,Cachar,95.24,100.0,70.89,93.5,15.3,1424,138128,9042
Assam,Charaideo,98.0,90.22,55.74,35.76,29.4,1446,150384,5113
Assam,Chirang,39.64,51.98,12.31,5.56,30.0,1405,116615,3887
Assam,Darrang,96.76,98.96,77.8,81.1,23.9,1048,92224,3855
Assam,Dhemaji,89.09,86.12,45.24,38.16,27.9,1222,152750,5482
Assam,Dhubri,97.58,88.74,46.27,43.67,29.9,1056,155232,5194
Assam,Dibrugarh,44.55,62.73,7.37,10.88,49.1,1289,157258,3200
Assam,Dima Hasao,82.75,86.49,33.07,15.0,26.4,1080,199800,7557
Assam,Goalpara,73.75,70.56,24.51,14.95,30.0,1626,229266,7642
Assam,Golaghat,86.26,82.92,50.95,15.0,27.9,953,78146,2799
Assam,Hailakandi,95.13,89.79,46.74,44.08,28.0,1380,198720,7106
Assam,Hojai,91.4,91.43,62.83,47.42,27.7,836,116204,4201
Assam,Jorhat,89.3,98.54,54.87,42.64,28.1,849,96786,3450
Assam,Kamrup,90.86,81.35,57.42,55.67,20.2,639,80514,3981
Assam,Kamrup Metropolitan,48.01,67.61,11.57,2.88,49.7,1385,142655,2868
Assam,Karbi Anglong,97.03,87.46,32.58,36.84,29.4,1412,197680,6720
Assam,Karimganj,61.19,69.75,8.56,4.6,46.5,1297,186768,4020
Assam,Kokrajhar,95.94,98.5,100.0,84.97,18.9,1483,275838,14604
Assam,Lakhimpur,98.0,82.1,32.89,18.87,25.0,1221,155067,6199
Assam,Majuli,96.2,97.13,78.88,88.25,21.3,1882,223958,10528
Assam,Morigaon,92.97,95.05,40.03,38.88,30.6,836,141284,4611
Assam,Nagaon,87.77,90.44,35.53,27.21,20.0,1222,238290,11914
Assam,Nalbari,81.89,100.0,59.14,30.26,28.1,1145,195795,6965
Assam,Sivasagar,99.28,100.0,87.87,78.99,19.0,1037,78812,4152
Assam,Sonitpur,99.72,97.5,82.85,76.04,19.9,1825,284700,14284
Assam,South Salmara-Mankachar,92.03,86.85,43.17,31.71,26.1,1039,111173,4256
Assam,Tinsukia,97.79,99.95,76.56,73.43,13.3,1766,169536,12795
Assam,Udalguri,62.93,69.75,19.91,6.95,36.3,577,23080,635
Assam,West Karbi Anglong,88.97,93.88,49.72,19.7,32.2,920,84640,2632
Assam,Tamulpur,46.35,65.78,3.09,7.81,44.6,1642,205250,4604
Bihar,Araria,96.49,90.63,42.43,45.24,21.5,1336,160320,7453
Bihar,Arwal,79.53,81.46,55.1,44.63,28.7,1886,250838,8742
Bihar,Aurangabad,70.0,69.2,10.35,2.71,38.4,1097,175520,4573
Bihar,Banka,64.24,68.3,17.22,10.64,43.6,600,92400,2120
Bihar,Begusarai,49.5,75.89,19.11,4.65,47.7,1055,114995,2410
Bihar,Bhagalpur,89.54,91.42,45.39,21.66,27.5,2111,84440,3068
Bihar,Bhojpur,93.22,95.29,31.42,30.31,24.0,1941,296973,12375
Bihar,Buxar,68.82,66.21,19.87,7.96,50.2,1140,112860,2250
Bihar,Darbhanga,76.73,64.79,6.61,3.45,36.6,1537,179829,4918
Bihar,East Champaran,98.0,95.93,47.57,49.04,26.0,458,41220,1584
Bihar,Gaya,88.88,88.89,53.24,33.75,31.0,1800,208800,6737
Bihar,Gopalganj,61.66,47.45,11.26,1.84,42.9,1294,163044,3803
Bihar,Jamui,49.24,87.98,4.39,1.35,52.0,918,83538,1608
Bihar,Jehanabad,82.63,74.86,8.43,9.09,53.7,1476,233208,4344
Bihar,Kaimur,92.83,94.65,45.4,35.11,29.1,1493,165723,5701
Bihar,Katihar,88.73,88.45,46.16,22.49,38.0,906,98754,2598
Bihar,Khagaria,83.08,93.08,43.04,25.36,30.6,1516,177372,5791
Bihar,Kishanganj,47.04,86.91,14.04,1.63,50.5,857,173114,3429
Bihar,Lakhisarai,88.48,95.07,24.2,22.16,33.3,1327,240187,7205
Bihar,Madhepura,60.82,66.45,22.28,13.05,40.9,762,36576,895
Bihar,Madhubani,85.37,84.07,70.98,28.5,25.3,591,66192,2617
Bihar,Munger,47.03,82.38,13.01,7.96,41.2,1514,160484,3896
Bihar,Muzaffarpur,63.01,81.14,14.76,6.75,36.3,1089,148104,4082
Bihar,Nalanda,36.61,73.32,13.25,7.25,38.0,1009,138233,3633
Bihar,Nawada,87.23,87.49,49.69,40.08,23.0,1428,278460,12105
Bihar,Patna,90.82,81.5,46.77,16.69,38.0,2094,209400,5510
Bihar,Purnia,28.05,56.22,10.91,0.5,41.6,1124,138252,3324
Bihar,Rohtas,57.76,55.34,6.88,8.23,38.2,1562,189002,4945
Bihar,Saharsa,77.38,73.2,18.62,8.66,42.9,1892,204336,4758
Bihar,Samastipur,61.56,62.34,10.39,2.16,37.5,828,113436,3021
Bihar,Saran,67.48,64.05,13.38,7.24,37.1,1544,214616,5779
Bihar,Sheikhpura,32.29,62.17,6.71,6.05,38.0,1181,129910,3420
Bihar,Sheohar,50.79,76.07,15.34,4.48,38.7,1396,187064,4837
Bihar,Sitamarhi,47.75,62.66,23.08,5.07,53.5,1641,280611,5248
Bihar,Siwan,84.23,89.16,40.51,46.27,25.7,1492,208880,8118
Bihar,Supaul,54.42,77.99,12.65,12.17,39.0,910,128310,3287
Bihar,Vaishali,99.15,99.24,82.25,93.94,14.7,731,108188,7384
Bihar,West Champaran,93.16,91.77,42.12,40.02,34.9,2206,154420,4426
Chhattisgarh,Balod,89.78,89.8,43.81,23.22,24.3,1847,288132,11880
Chhattisgarh,Baloda Bazar-Bhatapara,63.91,74.4,17.08,6.38,42.3,610,71370,1687
Chhattisgarh,Balrampur-Ramanujganj,100.0,98.34,93.19,80.82,13.8,757,111279,8038
Chhattisgarh,Bastar,91.32,90.51,42.26,37.11,31.5,1790,295350,9369
Chhattisgarh,Bemetara,90.23,89.14,46.46,40.22,30.1,1723,315309,10485
Chhattisgarh,Bijapur,86.77,100.0,56.72,33.99,34.0,1874,198644,5843
Chhattisgarh,Bilaspur,75.79,75.75,26.21,5.88,39.9,389,53293,1336
Chhattisgarh,Dantewada,59.5,59.37,11.51,1.44,49.2,1004,212848,4326
Chhattisgarh,Dhamtari,86.95,86.2,40.88,20.88,29.9,1032,157896,5275
Chhattisgarh,Durg,86.35,96.92,52.57,35.29,34.3,1580,328640,9575
Chhattisgarh,Gariaband,85.54,90.38,60.69,19.56,33.3,1375,127875,3843
Chhattisgarh,Gaurela-Pendra-Marwahi,96.46,98.33,66.72,75.59,19.9,1009,162449,8176
Chhattisgarh,Janjgir-Champa,74.92,77.76,13.38,0.5,37.8,1143,106299,2813
Chhattisgarh,Jashpur,53.33,81.1,2.13,17.06,47.3,1307,128086,2707
Chhattisgarh,Kanker,97.19,97.37,98.73,93.84,13.8,978,129096,9367
Chhattisgarh,Kawardha,51.41,45.81,8.05,17.76,38.5,1134,96390,2506
Chhattisgarh,Kondagaon,91.53,90.58,37.58,21.95,33.6,557,75195,2236
Chhattisgarh,Korba,29.15,72.07,17.82,13.47,41.0,1833,346437,8442
Chhattisgarh,Koriya,51.14,60.49,12.9,5.61,38.3,985,168435,4402
Chhattisgarh,Mahasamund,64.26,60.19,1.0,0.5,45.1,351,44928,997
Chhattisgarh,Mungeli,81.61,90.46,45.64,36.21,26.4,1029,100842,3816
Chhattisgarh,Narayanpur,99.23,99.81,75.25,79.54,18.6,1273,159125,8559
Chhattisgarh,Raigarh,85.59,91.4,51.18,36.41,30.0,1596,102144,3402
Chhattisgarh,Raipur,93.66,91.71,33.88,43.02,26.4,1095,113880,4312
Chhattisgarh,Rajnandgaon,89.81,86.07,54.01,33.61,26.5,1501,165110,6220
Chhattisgarh,Sukma,93.69,94.9,31.65,46.09,22.2,1668,300240,13553
Chhattisgarh,Surajpur,65.5,43.43,18.38,19.23,40.2,1186,99624,2479
Chhattisgarh,Surguja,89.87,96.35,51.98,65.0,28.1,547,68375,2430
Chhattisgarh,Manendragarh-Chirmiri-Bharatpur,73.5,87.33,61.24,38.25,28.7,1928,214008,7452
Chhattisgarh,Mohla-Manpur-Ambagarh Chowki,70.14,66.29,14.28,1.91,39.1,640,74880,1914
Chhattisgarh,Sakti,59.68,53.9,24.3,9.39,42.4,1507,143165,3380
Chhattisgarh,Sarangarh-Bilaigarh,88.98,86.42,60.59,24.41,28.3,1331,174361,6171
Chhattisgarh,Khairagarh-Chhuikhadan-Gandai,48.03,56.04,8.6,10.64,41.1,1518,203412,4944
Goa,North Goa,74.34,90.61,50.43,35.49,28.2,919,91900,3263
Goa,South Goa,96.4,100.0,75.05,73.76,15.8,1557,172827,10907
Gujarat,Ahmedabad,100.0,99.67,72.6,74.44,23.7,1883,201481,8505
Gujarat,Amreli,90.34,96.02,51.81,32.27,25.0,1547,236691,9465
Gujarat,Anand,100.0,97.31,74.98,90.46,13.3,1695,191535,14352
Gujarat,Aravalli,84.87,91.03,31.55,43.24,34.8,1548,173376,4988
Gujarat,Banaskantha,36.54,50.0,4.02,7.94,42.7,1547,102102,2392
Gujarat,Bharuch,100.0,99.69,82.39,69.29,21.7,1079,128401,5904
Gujarat,Bhavnagar,90.3,85.43,42.18,43.65,31.1,1509,128265,4130
Gujarat,Botad,98.15,98.6,88.4,83.02,18.5,2186,242646,13139
Gujarat,Chhota Udepur,97.89,97.84,72.7,69.02,15.8,1724,208604,13166
Gujarat,Dahod,89.16,89.52,48.65,49.02,20.0,1687,74228,3706
Gujarat,Dang,98.54,100.0,90.45,83.36,24.0,918,122094,5086
Gujarat,Devbhumi Dwarka,99.37,98.48,81.53,75.11,18.3,1418,174414,9550
Gujarat,Gandhinagar,92.26,80.15,42.82,24.77,29.2,1314,152424,5218
Gujarat,Gir Somnath,91.06,94.99,44.39,24.48,21.7,1214,154178,7113
Gujarat,Jamnagar,82.18,93.63,40.41,18.44,33.0,1657,97763,2960
Gujarat,Junagadh,97.66,98.4,98.12,79.11,13.5,1552,128816,9533
Gujarat,Kheda,86.44,86.15,39.4,44.37,34.1,690,95220,2793
Gujarat,Kutch,83.6,86.49,49.91,24.72,29.9,1492,159644,5342
Gujarat,Mahisagar,100.0,97.73,95.76,62.5,25.0,1037,88145,3525
Gujarat,Mehsana,98.15,97.95,88.1,92.31,15.0,1431,105894,7050
Gujarat,Morbi,100.0,99.42,93.61,78.9,16.7,1526,122080,7312
Gujarat,Narmada,77.54,89.98,41.1,40.54,32.4,1413,211950,6548
Gujarat,Navsari,98.98,99.49,84.07,84.19,18.5,1330,151620,8195
Gujarat,Panchmahal,99.71,98.29,84.85,91.81,15.2,335,43550,2873
Gujarat,Patan,51.92,75.11,11.22,4.98,41.5,1637,224269,5398
Gujarat,Porbandar,73.4,90.93,47.36,34.82,25.6,1677,263289,10302
Gujarat,Rajkot,95.2,98.2,83.84,88.54,18.1,926,130566,7211
Gujarat,Sabarkantha,52.46,63.83,11.84,10.87,40.2,1474,172458,4295
Gujarat,Surat,96.9,98.96,76.88,80.37,20.5,770,100100,4885
Gujarat,Surendranagar,83.03,91.01,53.6,15.0,23.5,1052,135708,5764
Gujarat,Tapi,87.0,89.77,65.43,22.88,32.5,1060,144160,4429
Gujarat,Vadodara,98.0,93.44,48.72,50.99,32.5,880,112640,3465
Gujarat,Valsad,95.92,98.46,87.51,74.58,18.8,1194,162384,8628
Haryana,Ambala,44.73,58.79,14.03,12.08,48.6,856,112992,2324
Haryana,Bhiwani,100.0,98.01,96.89,94.75,25.0,1292,164084,6563
Haryana,Charkhi Dadri,92.96,93.99,56.26,42.84,27.6,1688,146856,5325
Haryana,Faridabad,88.04,97.82,32.5,28.23,30.7,1357,126201,4112
Haryana,Fatehabad,97.88,97.82,92.84,77.7,23.4,1232,139216,5955
Haryana,Gurugram,86.1,88.78,46.11,60.12,26.6,1077,130317,4890
Haryana,Hisar,94.54,82.9,49.55,26.83,30.2,1002,50100,1658
Haryana,Jhajjar,99.05,99.36,80.37,74.25,14.1,1509,220314,15663
Haryana,Jind,97.18,98.46,84.49,100.0,19.6,822,106038,5400
Haryana,Kaithal,79.74,93.59,61.76,51.8,30.9,966,77280,2497
Haryana,Karnal,96.4,96.19,90.55,79.07,20.7,1771,216062,10423
Haryana,Kurukshetra,56.75,60.36,9.92,11.64,41.0,1072,127568,3114
Haryana,Mahendragarh,99.83,98.31,84.47,82.21,21.5,1104,108192,5036
Haryana,Nuh,85.09,95.27,65.33,21.86,23.6,1132,139236,5895
Haryana,Palwal,99.68,98.11,76.5,81.24,17.2,1570,210380,12213
Haryana,Panchkula,91.33,89.48,68.56,26.62,30.5,692,60204,1977
Haryana,Panipat,97.59,100.0,87.11,74.69,19.1,1214,127470,6665
Haryana,Rewari,96.41,100.0,86.68,99.56,20.8,1420,150520,7229
Haryana,Rohtak,96.86,98.78,76.01,85.85,22.9,1095,162060,7077
Haryana,Sirsa,97.47,98.7,78.48,60.8,17.9,1251,188901,10558
Haryana,Sonipat,99.69,99.81,77.21,84.14,22.7,1351,235074,10333
Haryana,Yamunanagar,100.0,98.73,79.42,73.15,13.5,992,154752,11504
Himachal Pradesh,Bilaspur,82.34,84.38,33.58,40.36,28.2,1582,284760,10099
Himachal Pradesh,Chamba,77.02,91.9,33.81,42.89,26.9,1210,98010,3641
Himachal Pradesh,Hamirpur,97.86,99.09,95.85,72.85,16.3,1577,148238,9067
Himachal Pradesh,Kangra,94.85,89.95,48.03,38.68,25.5,1355,130080,5094
Himachal Pradesh,Kinnaur,97.75,99.56,87.35,79.33,14.2,796,101888,7163
Himachal Pradesh,Kullu,63.79,53.9,6.96,8.67,42.7,550,68200,1598
Himachal Pradesh,Lahaul and Spiti,84.41,98.21,47.49,39.21,29.8,714,127092,4266
Himachal Pradesh,Mandi,78.26,93.98,51.19,30.23,30.7,1072,106128,3460
Himachal Pradesh,Shimla,99.2,97.99,83.21,74.65,17.0,1373,140046,8241
Himachal Pradesh,Sirmaur,98.21,98.5,96.55,83.08,18.7,1473,150246,8051
Himachal Pradesh,Solan,93.16,91.73,29.39,20.72,25.7,671,75152,2922
Himachal Pradesh,Una,81.92,89.51,59.12,34.51,26.8,1355,134145,5007
Jharkhand,Bokaro,56.03,59.2,16.98,5.24,45.9,1811,197399,4297
Jharkhand,Chatra,99.69,99.56,100.0,75.46,20.4,549,57645,2827
Jharkhand,Deoghar,90.12,96.97,32.74,42.86,27.8,591,73875,2662
Jharkhand,Dhanbad,100.0,97.88,84.12,71.12,16.6,1772,196692,11853
Jharkhand,Dumka,96.41,95.55,41.37,29.97,24.4,827,107510,4403
Jharkhand,East Singhbhum,87.88,86.88,29.51,36.06,26.1,1121,144609,5535
Jharkhand,Garhwa,72.99,82.33,67.96,29.93,20.0,620,120280,6014
Jharkhand,Giridih,46.56,76.59,12.73,5.58,46.7,246,18696,400
Jharkhand,Godda,49.09,51.57,8.52,12.27,42.8,1732,216500,5059
Jharkhand,Gumla,66.91,64.36,8.46,15.4,37.7,1337,191191,5065
Jharkhand,Hazaribagh,65.1,53.35,18.31,3.11,46.9,1414,203616,4344
Jharkhand,Jamtara,80.77,92.94,55.86,36.93,24.7,1567,192741,7795
Jharkhand,Khunti,77.95,85.52,39.74,50.06,33.3,1730,217980,6541
Jharkhand,Koderma,65.96,53.59,12.04,10.26,35.6,1283,218110,6135
Jharkhand,Latehar,61.71,74.18,1.0,15.79,40.9,892,101688,2487
Jharkhand,Lohardaga,37.18,75.48,9.99,4.31,41.0,1647,202581,4942
Jharkhand,Pakur,79.54,92.32,35.71,15.0,34.0,1382,161694,4757
Jharkhand,Palamu,50.85,78.97,30.0,10.24,35.8,1138,150216,4193
Jharkhand,Ramgarh,73.9,91.67,49.36,48.26,32.9,1244,205260,6241
Jharkhand,Ranchi,79.43,65.28,14.51,0.5,33.3,864,91584,2750
Jharkhand,Sahibganj,81.42,89.82,40.86,45.71,26.1,285,35055,1343
Jharkhand,Seraikela Kharsawan,87.91,85.69,45.95,24.25,29.3,2253,146445,4994
Jharkhand,Simdega,48.81,58.23,9.4,13.1,45.3,1539,184680,4080
Jharkhand,West Singhbhum,39.13,53.85,16.48,8.85,49.6,1317,110628,2232
Karnataka,Bagalkote,94.51,90.49,48.08,31.08,29.1,1062,146556,5040
Karnataka,Ballari,97.95,99.38,84.77,90.13,17.8,490,76930,4310
Karnataka,Belagavi,97.14,98.35,80.23,92.37,11.6,2455,370705,31976
Karnataka,Bengaluru Rural,89.34,89.73,47.86,40.21,30.6,1422,173484,5672
Karnataka,Bengaluru Urban,86.82,89.24,43.05,46.34,30.4,150,20850,686
Karnataka,Bidar,89.17,89.91,41.11,46.24,31.8,890,117480,3695
Karnataka,Chamarajanagara,82.17,83.1,38.73,43.62,31.8,1405,198105,6227
Karnataka,Chikkaballapura,91.1,86.79,49.32,43.0,31.0,1675,236175,7614
Karnataka,Chikkamagaluru,99.03,100.0,84.79,72.06,17.5,902,89298,5099
Karnataka,Chitradurga,87.13,86.04,41.92,16.06,28.9,1200,114000,3951
Karnataka,Dakshina Kannada,62.91,74.38,2.35,4.19,37.4,824,118656,3173
Karnataka,Davanagere,98.21,98.74,68.97,85.72,14.3,1223,156544,10960
Karnataka,Dharwad,96.16,83.46,20.0,36.84,35.2,1695,213570,6066
Karnataka,Gadag,97.76,99.81,77.21,84.29,19.5,1624,328048,16808
Karnataka,Hassan,90.35,87.46,44.74,17.31,25.2,1036,107744,4271
Karnataka,Haveri,88.91,85.89,56.21,35.0,28.0,1068,132432,4736
Karnataka,Kalaburagi,99.74,98.13,79.74,77.27,14.0,872,91560,6557
Karnataka,Kodagu,99.81,99.26,86.55,87.66,17.6,1356,157296,8943
Karnataka,Kolar,89.59,87.09,20.61,33.66,33.7,1570,232360,6896
Karnataka,Koppal,100.0,99.09,86.58,74.44,17.1,1446,225576,13228
Karnataka,Mandya,87.16,87.75,45.01,41.01,22.2,281,28943,1302
Karnataka,Mysuru,40.35,59.92,11.11,5.73,50.7,1330,171570,3383
Karnataka,Raichur,91.73,84.31,55.39,34.24,30.7,771,56283,1834
Karnataka,Ramanagara,92.91,91.88,35.98,26.3,32.5,724,122356,3764
Karnataka,Shivamogga,97.15,99.64,82.37,85.43,16.4,1134,137214,8383
Karnataka,Tumakuru,97.0,99.74,80.89,77.94,15.0,175,19950,1328
Karnataka,Udupi,100.0,99.78,84.85,77.63,18.1,1418,119112,6592
Karnataka,Uttara Kannada,94.69,93.58,52.18,39.38,28.1,1469,201253,7167
Karnataka,Vijayapura,97.97,98.43,85.81,93.94,14.3,612,75888,5313
Karnataka,Yadgir,98.58,99.17,86.95,77.99,22.5,559,53105,2363
Karnataka,Vijayanagara,53.76,48.57,10.94,16.31,42.1,1292,105944,2514
Kerala,Alappuzha,97.58,99.9,85.48,83.95,14.9,1697,157821,10588
Kerala,Ernakulam,97.44,99.06,93.92,90.03,18.0,1509,104121,5789
Kerala,Idukki,97.42,98.3,95.02,85.89,18.6,1312,219104,11809
Kerala,Kannur,98.24,97.69,93.7,81.64,20.9,1182,111108,5326
Kerala,Kasaragod,90.42,90.05,46.85,51.17,23.6,1314,124830,5288
Kerala,Kollam,94.61,98.95,85.25,85.61,17.4,604,57380,3307
Kerala,Kottayam,100.0,98.16,97.67,89.45,17.0,908,137108,8043
Kerala,Kozhikode,98.14,97.45,89.5,83.76,21.4,1339,137917,6440
Kerala,Malappuram,100.0,100.0,86.87,80.54,14.0,956,135752,9675
Kerala,Palakkad,84.66,82.72,75.0,20.37,37.0,1077,126009,3403
Kerala,Pathanamthitta,97.49,99.78,73.48,63.44,22.8,878,124676,5460
Kerala,Thiruvananthapuram,96.87,99.71,98.47,75.26,12.2,1875,275625,22592
Kerala,Thrissur,97.79,98.78,76.11,92.78,16.4,632,79632,4856
Kerala,Wayanad,82.84,84.85,40.7,35.86,22.5,1754,245560,10925
Madhya Pradesh,Agar Malwa,85.81,87.01,59.22,52.39,31.9,1234,117230,3673
Madhya Pradesh,Alirajpur,83.02,92.61,49.18,49.02,30.6,598,90298,2950
Madhya Pradesh,Anuppur,43.02,61.16,13.5,17.98,60.7,1442,164388,2710
Madhya Pradesh,Ashoknagar,91.21,94.44,41.79,52.95,28.9,1399,194461,6724
Madhya Pradesh,Balaghat,60.06,73.39,8.3,5.21,35.4,1375,196625,5554
Madhya Pradesh,Barwani,90.75,98.37,44.94,41.69,23.6,1045,146300,6190
Madhya Pradesh,Betul,93.09,88.53,44.28,19.82,26.6,1556,213172,8022
Madhya Pradesh,Bhind,91.0,90.25,45.07,28.4,30.8,1368,183312,5952
Madhya Pradesh,Bhopal,84.84,79.23,55.97,30.21,24.6,1477,159516,6497
Madhya Pradesh,Burhanpur,94.36,93.09,51.84,21.34,32.9,1304,140832,4287
Madhya Pradesh,Chhatarpur,98.72,97.22,88.27,70.74,13.9,591,90423,6485
Madhya Pradesh,Chhindwara,84.22,97.67,39.64,17.93,23.5,1694,194810,8277
Madhya Pradesh,Damoh,84.71,90.8,50.02,46.17,33.8,1056,84480,2499
Madhya Pradesh,Datia,85.52,91.3,35.36,25.43,29.4,1180,141600,4820
Madhya Pradesh,Dewas,45.9,62.7,6.45,12.45,48.3,461,42412,879
Madhya Pradesh,Dhar,79.02,86.75,44.17,20.5,24.3,798,100548,4135
Madhya Pradesh,Dindori,55.83,57.78,13.06,5.27,40.4,1869,299040,7407
Madhya Pradesh,Guna,39.41,73.3,16.87,2.26,46.9,1815,156090,3327
Madhya Pradesh,Gwalior,82.49,95.09,47.71,40.51,29.4,1356,108480,3694
Madhya Pradesh,Harda,67.57,76.7,10.62,7.78,32.8,1405,192485,5866
Madhya Pradesh,Narmadapuram,87.63,95.62,41.66,40.65,23.9,1190,135660,5671
Madhya Pradesh,Indore,57.7,61.3,11.21,12.13,39.4,557,95804,2432
Madhya Pradesh,Jabalpur,96.29,83.54,51.9,29.97,29.1,1317,147504,5076
Madhya Pradesh,Jhabua,83.3,86.55,35.84,26.68,27.7,913,127820,4609
Madhya Pradesh,Katni,96.92,87.1,47.39,40.0,29.9,1230,174660,5843
Madhya Pradesh,Khandwa,60.79,52.62,17.21,12.44,37.4,1215,170100,4545
Madhya Pradesh,Khargone,86.74,95.36,68.64,27.14,22.5,1321,186261,8287
Madhya Pradesh,Mandla,86.61,97.27,31.61,41.93,25.6,1887,337773,13206
Madhya Pradesh,Mandsaur,45.8,59.5,17.16,6.06,41.7,1210,75020,1797
Madhya Pradesh,Morena,54.83,58.1,9.04,15.22,34.5,1525,169275,4912
Madhya Pradesh,Narsinghpur,98.08,99.79,87.72,85.14,20.9,1067,107767,5155
Madhya Pradesh,Neemuch,81.49,85.87,74.49,47.45,22.6,671,89914,3979
Madhya Pradesh,Panna,91.28,92.74,42.45,33.75,29.3,1234,65402,2231
Madhya Pradesh,Raisen,98.16,98.15,86.4,100.0,19.1,1074,157878,8264
Madhya Pradesh,Rajgarh,90.9,92.1,51.07,55.57,23.5,1389,127788,5443
Madhya Pradesh,Ratlam,99.33,98.08,81.66,77.34,20.9,1567,128494,6139
Madhya Pradesh,Rewa,55.66,57.9,4.45,6.91,40.2,2170,286440,7134
Madhya Pradesh,Sagar,79.73,87.18,55.21,55.88,21.7,448,78848,3640
Madhya Pradesh,Satna,59.68,56.32,15.21,0.5,42.0,1331,195657,4656
Madhya Pradesh,Sehore,42.83,65.86,6.45,9.28,36.6,1036,93240,2545
Madhya Pradesh,Seoni,99.48,99.86,83.12,80.34,13.7,1080,127440,9333
Madhya Pradesh,Shahdol,85.0,53.88,20.79,12.98,43.7,1903,249293,5706
Madhya Pradesh,Shajapur,59.67,64.47,19.34,13.48,38.3,672,75936,1985
Madhya Pradesh,Sheopur,83.2,89.68,57.37,30.43,27.8,1223,177335,6372
Madhya Pradesh,Shivpuri,74.52,86.97,47.11,47.0,26.0,449,61962,2380
Madhya Pradesh,Sidhi,47.38,53.1,8.25,7.08,38.4,317,46282,1206
Madhya Pradesh,Singrauli,70.3,71.52,5.17,6.99,42.0,1439,201460,4801
Madhya Pradesh,Tikamgarh,83.59,90.41,49.57,49.56,30.8,1515,184830,5997
Madhya Pradesh,Ujjain,96.46,92.05,36.39,49.03,30.8,1022,107310,3485
Madhya Pradesh,Umaria,58.56,69.63,13.18,9.56,52.2,1628,203500,3898
Madhya Pradesh,Vidisha,99.91,97.97,88.18,96.28,17.3,860,86000,4957
Madhya Pradesh,Niwari,96.87,98.22,82.04,67.35,18.0,1560,143520,7952
Maharashtra,Ahmednagar,97.12,88.34,49.92,29.62,28.3,705,108570,3840
Maharashtra,Akola,92.02,88.54,40.31,41.45,25.2,1250,192500,7647
Maharashtra,Amravati,97.28,99.37,87.53,79.12,16.5,1685,171870,10423
Maharashtra,Aurangabad,77.13,93.2,32.99,41.92,33.3,1451,220552,6615
Maharashtra,Beed,100.0,99.97,87.64,94.71,23.3,1907,200235,8606
Maharashtra,Bhandara,96.47,98.45,90.63,81.43,17.4,1424,106800,6144
Maharashtra,Buldhana,88.85,95.59,50.49,41.92,34.4,1173,117300,3410
Maharashtra,Chandrapur,100.0,100.0,89.47,78.56,18.0,689,105417,5855
Maharashtra,Dhule,94.47,83.44,53.68,39.04,23.9,717,93927,3928
Maharashtra,Gadchiroli,97.9,100.0,92.62,84.26,19.6,1732,251140,12833
Maharashtra,Gondia,61.0,55.2,30.0,2.48,40.1,538,73168,1823
Maharashtra,Hingoli,88.91,93.83,27.61,46.13,24.8,1140,167580,6765
Maharashtra,Jalgaon,98.89,99.33,91.39,83.86,17.0,1133,142758,8409
Maharashtra,Jalna,82.63,94.98,47.89,35.75,32.8,1151,131214,4004
Maharashtra,Kolhapur,97.77,99.34,87.47,74.0,17.5,936,91728,5251
Maharashtra,Latur,34.24,62.69,1.79,5.69,38.3,1620,144180,3762
Maharashtra,Mumbai City,97.36,98.62,80.36,92.32,14.6,1048,135192,9269
Maharashtra,Mumbai Suburban,99.82,98.62,69.66,78.65,22.1,1312,166624,7554
Maharashtra,Nagpur,96.91,97.83,85.14,67.16,20.3,861,102459,5036
Maharashtra,Nanded,32.37,61.06,4.88,0.5,45.3,1856,283968,6275
Maharashtra,Nandurbar,99.52,98.59,91.45,91.01,18.4,726,76230,4140
Maharashtra,Nashik,98.0,89.63,20.0,20.31,26.3,1614,179154,6811
Maharashtra,Osmanabad,100.0,98.47,69.29,75.58,19.0,1304,106928,5617
Maharashtra,Palghar,97.97,100.0,75.13,85.95,11.7,1545,143685,12270
Maharashtra,Parbhani,90.41,83.54,47.91,25.91,25.1,1376,147232,5856
Maharashtra,Pune,90.28,89.05,45.67,39.45,26.6,801,83304,3131
Maharashtra,Raigad,100.0,99.12,78.24,83.61,19.4,1407,126630,6525
Maharashtra,Ratnagiri,97.48,98.32,82.11,84.85,18.9,1350,216000,11435
Maharashtra,Sangli,92.13,89.29,33.16,27.85,27.0,1531,182189,6759
Maharashtra,Satara,97.52,98.27,84.44,88.01,22.8,1117,131806,5787
Maharashtra,Sindhudurg,80.72,99.7,30.99,46.72,26.5,960,82560,3110
Maharashtra,Solapur,100.0,99.22,85.17,87.98,16.0,1200,145200,9048
Maharashtra,Thane,84.93,96.0,42.81,19.47,26.8,1299,120807,4508
Maharashtra,Wardha,97.28,98.45,94.77,75.62,22.3,954,123066,5521
Maharashtra,Washim,85.32,93.77,33.82,42.43,28.5,944,108560,3815
Maharashtra,Yavatmal,97.2,90.69,37.97,22.95,30.0,1278,178920,5959
Manipur,Bishnupur,79.23,94.96,55.38,24.12,22.9,1156,110976,4849
Manipur,Chandel,83.08,83.74,40.32,23.45,23.6,1319,155642,6589
Manipur,Churachandpur,60.82,48.51,12.06,18.38,39.8,1529,220176,5536
Manipur,Imphal East,99.8,99.17,89.53,86.29,19.9,753,51204,2572
Manipur,Imphal West,36.36,62.3,15.56,2.48,47.5,999,104895,2206
Manipur,Jiribam,82.98,80.58,47.29,52.13,27.8,459,65637,2365
Manipur,Kakching,78.25,83.95,42.62,36.23,24.0,1089,153549,6407
Manipur,Kamjong,65.23,77.51,23.46,12.05,40.7,1543,206762,5080
Manipur,Kangpokpi,91.04,90.89,35.88,24.72,27.6,1259,124641,4514
Manipur,Noney,90.54,100.0,27.56,40.82,27.7,1380,147660,5323
Manipur,Pherzawl,53.25,66.3,10.19,0.5,40.6,633,87987,2167
Manipur,Senapati,95.7,100.0,88.44,83.9,11.5,1068,164472,14293
Manipur,Tamenglong,48.78,54.22,8.18,7.66,36.9,1693,199774,5415
Manipur,Tengnoupal,84.67,83.49,49.84,39.62,24.8,305,40260,1621
Manipur,Thoubal,86.88,91.68,64.57,34.73,26.0,741,81510,3141
Manipur,Ukhrul,88.96,90.27,62.23,39.99,27.5,917,117376,4274
Meghalaya,East Garo Hills,44.12,63.84,10.25,12.56,41.2,1174,158490,3851
Meghalaya,East Jaintia Hills,89.25,98.21,27.39,38.0,25.2,823,87238,3464
Meghalaya,East Khasi Hills,88.33,90.5,29.83,29.59,29.1,849,73014,2506
Meghalaya,North Garo Hills,74.46,86.68,33.5,25.16,26.9,960,81600,3032
Meghalaya,Ri Bhoi,29.61,68.02,16.52,6.02,40.4,1201,200567,4963
Meghalaya,South Garo Hills,36.19,60.86,1.67,9.81,41.1,1281,158844,3861
Meghalaya,South West Garo Hills,93.94,92.69,53.31,24.34,32.8,911,91100,2779
Meghalaya,South West Khasi Hills,58.25,68.02,5.57,7.13,50.9,612,100368,1970
Meghalaya,West Garo Hills,52.1,41.62,3.8,3.18,38.3,1158,46320,1210
Meghalaya,West Jaintia Hills,98.78,97.94,96.12,77.57,20.8,1644,249888,11997
Meghalaya,West Khasi Hills,84.6,87.1,42.75,41.36,26.0,1152,147456,5680
Meghalaya,Eastern West Khasi Hills,44.14,55.32,11.05,7.87,44.6,1468,127716,2863
Mizoram,Aizawl,83.13,92.37,42.32,43.47,20.0,1160,117160,5858
Mizoram,Champhai,99.15,99.47,79.34,73.59,17.7,841,121945,6902
Mizoram,Hnahthial,50.57,35.93,9.75,2.81,32.2,705,86715,2691
Mizoram,Khawzawl,95.97,91.57,38.93,39.56,26.2,922,78370,2995
Mizoram,Kolasib,77.49,88.05,46.58,34.03,26.3,821,113298,4301
Mizoram,Lawngtlai,80.1,93.88,34.98,27.48,22.1,999,148851,6725
Mizoram,Lunglei,99.27,99.98,89.18,70.07,17.0,887,141033,8292
Mizoram,Mamit,80.82,94.47,53.93,53.3,26.4,1484,278992,10583
Mizoram,Saiha,84.29,82.32,26.2,42.13,20.5,1051,139783,6829
Mizoram,Saitual,89.11,92.13,47.22,47.79,24.2,929,89184,3686
Mizoram,Serchhip,64.96,74.0,14.71,13.92,34.9,1866,307890,8814
Nagaland,Choumoukedima,58.41,55.12,6.92,14.25,46.7,1184,126688,2714
Nagaland,Dimapur,75.85,84.65,64.11,22.2,28.8,1602,131364,4567
Nagaland,Kiphire,57.22,74.38,12.07,22.34,32.0,1623,185022,5784
Nagaland,Kohima,92.63,92.21,37.67,37.29,20.6,1441,184448,8967
Nagaland,Longleng,62.66,75.58,14.21,8.74,36.7,915,141825,3863
Nagaland,Mokokchung,96.62,88.81,45.46,25.95,32.7,1466,260948,7982
Nagaland,Mon,82.73,88.11,47.31,41.46,27.1,850,124100,4573
Nagaland,Niuland,99.58,98.08,95.84,90.53,18.4,1231,167416,9097
Nagaland,Noklak,82.83,90.15,23.48,43.76,21.8,1801,198110,9106
Nagaland,Peren,86.73,86.86,42.12,49.19,20.0,1710,222300,11115
Nagaland,Phek,40.52,54.25,22.06,3.27,35.1,1654,215020,6129
Nagaland,Shamator,82.37,91.08,34.74,46.01,32.2,1412,183560,5692
Nagaland,Tseminyu,98.0,90.0,33.18,39.49,36.3,794,86546,2381
Nagaland,Tuensang,60.0,64.46,6.11,13.61,55.9,1278,117576,2102
Nagaland,Wokha,78.71,91.29,56.04,39.75,28.0,964,83868,2996
Nagaland,Zunheboto,65.02,74.14,2.73,15.95,45.5,1759,138961,3057
Odisha,Angul,48.77,61.59,14.57,8.39,38.4,1133,138226,3596
Odisha,Balangir,75.23,92.29,35.2,23.47,21.3,482,38078,1791
Odisha,Balasore,83.75,99.77,39.74,36.78,29.6,1252,146484,4948
Odisha,Bargarh,80.83,97.25,63.07,18.17,23.9,1088,99008,4141
Odisha,Bhadrak,99.26,98.27,100.0,90.71,18.6,1610,246330,13216
Odisha,Boudh,84.62,85.92,45.78,43.62,28.6,569,54055,1892
Odisha,Cuttack,98.39,98.92,100.0,67.53,19.5,1795,337460,17290
Odisha,Deogarh,97.89,99.49,89.56,81.76,17.7,1374,60456,3414
Odisha,Dhenkanal,63.18,66.26,10.67,18.23,38.0,1038,185802,4895
Odisha,Gajapati,83.01,87.25,43.53,43.41,28.8,682,70928,2460
Odisha,Ganjam,47.71,64.23,14.56,10.09,31.3,1625,206375,6584
Odisha,Jagatsinghpur,96.31,92.22,56.01,39.67,33.4,1408,164736,4934
Odisha,Jajpur,98.0,94.45,50.74,22.24,22.8,1317,163308,7147
Odisha,Jharsuguda,47.63,66.41,21.53,11.48,35.2,1155,109725,3121
Odisha,Kalahandi,85.67,87.93,40.22,22.45,27.5,975,39000,1418
Odisha,Kandhamal,98.0,95.44,41.24,35.19,23.3,1878,330528,14177
Odisha,Kendrapara,88.94,95.12,46.75,21.63,26.4,1252,132712,5035
Odisha,Keonjhar,86.69,89.54,44.19,35.52,23.8,913,73953,3112
Odisha,Khordha,66.73,43.94,18.92,14.93,40.2,158,17222,428
Odisha,Koraput,98.4,97.99,80.88,93.77,20.0,830,59760,2988
Odisha,Malkangiri,86.04,88.93,49.96,29.65,30.0,1974,284256,9460
Odisha,Mayurbhanj,87.71,89.08,41.43,46.81,25.5,1218,147378,5781
Odisha,Nabarangpur,48.98,51.28,13.94,7.69,45.0,986,153816,3418
Odisha,Nayagarh,82.74,98.56,27.52,39.35,29.9,881,116292,3889
Odisha,Nuapada,100.0,96.78,89.02,57.56,15.1,1851,188802,12500
Odisha,Puri,40.91,63.02,24.41,0.5,35.7,1798,314650,8815
Odisha,Rayagada,87.38,83.8,65.96,50.94,30.7,875,103250,3361
Odisha,Sambalpur,53.08,68.31,20.71,12.4,35.5,1750,225750,6352
Odisha,Subarnapur,99.53,100.0,76.11,79.68,16.4,572,74360,4532
Odisha,Sundargarh,85.0,46.6,11.81,11.2,42.7,1154,93474,2187
Punjab,Amritsar,98.98,99.19,74.84,82.58,15.5,944,89680,5784
Punjab,Barnala,81.6,100.0,58.31,54.2,23.1,1228,99468,4304
Punjab,Bathinda,83.83,85.41,57.4,31.04,32.3,1441,272349,8438
Punjab,Faridkot,96.28,100.0,94.17,71.24,21.0,1334,150742,7170
Punjab,Fatehgarh Sahib,83.06,86.4,65.5,35.01,31.1,883,84768,2723
Punjab,Fazilka,100.0,97.65,81.68,80.31,18.3,1128,147768,8059
Punjab,Ferozepur,99.54,99.73,77.11,77.44,21.6,1557,121446,5626
Punjab,Gurdaspur,99.03,97.02,85.38,97.08,15.2,866,122972,8113
Punjab,Hoshiarpur,78.74,86.84,50.96,28.66,27.1,1497,197604,7303
Punjab,Jalandhar,98.9,98.66,87.96,78.89,19.4,1001,114114,5890
Punjab,Kapurthala,97.02,98.96,78.51,69.97,18.8,1285,183755,9786
Punjab,Ludhiana,97.85,99.41,89.41,84.0,15.5,1259,163670,10543
Punjab,Malerkotla,88.04,79.57,46.6,57.13,26.6,908,118948,4478
Punjab,Mansa,58.75,76.93,4.45,11.66,45.6,1143,148590,3262
Punjab,Moga,100.0,99.87,75.86,87.38,17.8,1229,149938,8420
Punjab,Muktsar,98.27,100.0,84.33,69.92,16.8,1271,198276,11788
Punjab,Pathankot,99.4,98.15,100.0,82.38,21.8,1139,154904,7097
Punjab,Patiala,99.76,100.0,93.46,87.85,17.1,971,125259,7344
Punjab,Rupnagar,99.9,98.78,93.52,93.07,15.3,865,99475,6522
Punjab,Sahibzada Ajit Singh Nagar,89.85,87.38,58.52,39.24,28.2,625,50000,1775
Punjab,Sangrur,89.69,79.34,55.13,33.42,38.0,2123,242022,6369
Punjab,Shahid Bhagat Singh Nagar,87.36,94.98,62.03,18.62,20.9,951,130287,6247
Punjab,Tarn Taran,90.98,95.35,33.0,15.0,31.4,868,51212,1629
Rajasthan,Ajmer,56.74,55.05,10.91,0.5,43.1,1771,132825,3083
Rajasthan,Alwar,84.48,91.65,57.53,30.52,25.2,412,50676,2008
Rajasthan,Banswara,79.5,67.77,11.87,9.61,41.9,874,125856,3001
Rajasthan,Baran,89.35,90.09,35.25,48.04,30.7,978,146700,4784
Rajasthan,Barmer,49.03,57.18,7.44,0.5,44.9,467,38761,864
Rajasthan,Bharatpur,95.39,98.91,83.8,77.06,14.9,731,97223,6537
Rajasthan,Bhilwara,48.39,68.16,6.69,8.91,49.8,1434,153438,3079
Rajasthan,Bikaner,98.89,98.76,85.06,77.07,17.5,1284,115560,6600
Rajasthan,Bundi,81.9,83.06,29.0,22.83,28.6,842,113670,3969
Rajasthan,Chittorgarh,55.42,45.31,15.93,12.05,36.0,1368,128592,3568
Rajasthan,Churu,88.59,83.68,27.07,31.17,27.5,1040,87360,3176
Rajasthan,Dausa,85.6,91.35,44.55,36.83,25.3,1668,140112,5533
Rajasthan,Dholpur,90.93,95.91,49.81,32.97,25.9,1614,124278,4800
Rajasthan,Dungarpur,43.36,61.02,19.43,9.9,36.2,1075,108575,2999
Rajasthan,Hanumangarh,97.44,99.98,74.03,94.48,20.5,1636,173416,8465
Rajasthan,Jaipur,87.1,82.83,39.75,39.94,33.2,757,82513,2486
Rajasthan,Jaisalmer,87.09,83.02,50.91,27.76,27.2,1019,97824,3594
Rajasthan,Jalore,98.49,98.78,82.03,73.44,19.0,1861,230764,12172
Rajasthan,Jhalawar,93.98,83.05,46.58,24.03,22.1,904,140120,6342
Rajasthan,Jhunjhunu,93.7,91.22,29.67,33.04,29.2,1270,81280,2782
Rajasthan,Jodhpur,82.66,89.68,50.36,15.0,27.4,1257,182265,6663
Rajasthan,Karauli,99.54,99.58,78.6,62.83,16.8,1600,257600,15314
Rajasthan,Kota,63.53,69.29,14.28,5.22,41.2,1867,169897,4121
Rajasthan,Nagaur,97.69,88.39,58.25,20.93,30.4,905,69685,2296
Rajasthan,Pali,89.31,95.05,36.55,20.01,27.6,1165,158440,5733
Rajasthan,Pratapgarh,93.7,89.7,63.56,37.24,26.6,555,62160,2335
Rajasthan,Rajsamand,85.98,94.8,49.62,23.21,28.7,1468,242220,8442
Rajasthan,Sawai Madhopur,65.65,72.61,12.36,9.94,49.5,666,72594,1466
Rajasthan,Sikar,97.34,99.38,94.84,74.63,10.8,1035,152145,14049
Rajasthan,Sirohi,91.23,92.14,42.2,22.21,30.1,866,160210,5329
Rajasthan,Sri Ganganagar,99.36,98.42,80.11,79.16,17.3,1646,205750,11905
Rajasthan,Tonk,83.61,99.45,45.49,42.69,25.6,1345,173505,6786
Rajasthan,Udaipur,95.67,100.0,95.33,76.43,14.7,1339,163358,11117
Sikkim,Gangtok,80.35,91.9,56.16,50.08,27.0,2200,127600,4725
Sikkim,Gyalshing,90.14,82.94,45.9,29.78,30.0,1149,109155,3635
Sikkim,Mangan,97.36,100.0,88.55,64.68,19.7,1122,134640,6851
Sikkim,Namchi,92.92,95.92,36.41,34.7,25.8,1438,162494,6294
Sikkim,Pakyong,88.18,88.65,43.94,52.05,37.6,1350,157950,4204
Sikkim,Soreng,78.43,86.2,43.73,27.85,25.6,1830,219600,8591
Tamil Nadu,Ariyalur,95.76,99.14,94.6,80.53,14.6,1603,160300,10999
Tamil Nadu,Chengalpattu,97.26,98.05,83.41,81.65,14.2,774,76626,5398
Tamil Nadu,Chennai,97.07,99.04,87.89,82.01,18.7,1868,246576,13202
Tamil Nadu,Coimbatore,92.7,87.93,54.44,30.38,29.7,651,80724,2722
Tamil Nadu,Cuddalore,82.15,94.68,53.76,30.33,36.2,1085,77035,2128
Tamil Nadu,Dharmapuri,97.33,97.96,88.04,68.88,16.4,1325,164300,10029
Tamil Nadu,Dindigul,87.92,90.63,41.29,18.96,26.4,1387,159505,6038
Tamil Nadu,Erode,99.09,98.41,92.95,56.99,18.4,1739,285196,15479
Tamil Nadu,Kallakurichi,86.61,83.37,58.66,34.48,27.4,842,69044,2523
Tamil Nadu,Kanchipuram,99.35,99.67,86.61,73.12,14.8,627,64581,4362
Tamil Nadu,Kanyakumari,96.99,97.29,90.21,68.13,21.0,1357,173696,8290
Tamil Nadu,Karur,100.0,97.71,91.99,77.32,25.0,1047,107841,4313
Tamil Nadu,Krishnagiri,99.14,98.79,78.93,71.27,22.4,734,92484,4133
Tamil Nadu,Madurai,94.34,95.52,38.98,32.94,26.4,585,79560,3013
Tamil Nadu,Mayiladuthurai,55.46,79.41,7.06,13.44,49.0,1218,65772,1343
Tamil Nadu,Nagapattinam,97.73,100.0,87.38,86.24,17.7,1110,69930,3943
Tamil Nadu,Namakkal,99.69,100.0,77.39,78.39,17.1,1368,140904,8259
Tamil Nadu,Nilgiris,93.59,90.36,20.0,39.43,32.0,739,97548,3049
Tamil Nadu,Perambalur,100.0,99.11,94.13,76.02,17.9,1118,120744,6728
Tamil Nadu,Pudukkottai,98.28,97.37,82.35,92.04,15.1,773,93533,6190
Tamil Nadu,Ramanathapuram,88.67,91.89,43.86,35.72,26.6,689,80613,3030
Tamil Nadu,Ranipet,99.59,99.52,71.05,82.27,15.3,1756,226524,14784
Tamil Nadu,Salem,93.38,90.11,44.34,49.96,31.9,1247,142158,4457
Tamil Nadu,Sivaganga,95.94,99.32,83.99,84.99,20.6,1693,220090,10697
Tamil Nadu,Tenkasi,96.93,96.85,78.4,92.0,23.5,1104,83904,3574
Tamil Nadu,Thanjavur,97.53,100.0,80.27,85.3,18.5,1484,258216,13953
Tamil Nadu,Theni,99.38,99.15,100.0,83.15,15.6,1474,196042,12549
Tamil Nadu,Thoothukudi,98.04,98.48,82.61,75.21,17.2,862,112922,6564
Tamil Nadu,Tiruchirappalli,98.97,99.35,84.5,78.4,22.3,1226,192482,8621
Tamil Nadu,Tirunelveli,97.01,99.59,79.12,74.99,16.8,1010,106050,6325
Tamil Nadu,Tirupathur,95.3,90.23,47.25,30.43,31.4,1342,147620,4697
Tamil Nadu,Tiruppur,78.49,91.08,50.76,25.21,26.8,1414,101808,3796
Tamil Nadu,Tiruvallur,84.11,91.88,56.05,56.86,35.8,1257,131985,3683
Tamil Nadu,Tiruvannamalai,93.54,87.28,37.38,31.95,26.3,1365,137865,5246
Tamil Nadu,Tiruvarur,98.63,100.0,85.98,93.65,21.6,1436,156524,7244
Tamil Nadu,Vellore,94.24,88.75,44.98,38.3,28.0,911,67414,2409
Tamil Nadu,Viluppuram,93.75,92.85,27.79,27.53,28.7,1377,101898,3548
Tamil Nadu,Virudhunagar,87.46,92.7,41.48,37.56,26.1,1563,150048,5760
Telangana,Adilabad,87.88,89.46,57.2,24.23,25.0,1614,164628,6598
Telangana,Bhadradri Kothagudem,99.85,100.0,81.79,86.13,14.5,1501,187625,12905
Telangana,Hanamkonda,99.21,98.35,71.71,84.53,11.8,1073,158804,13446
Telangana,Hyderabad,89.15,99.74,55.25,28.46,28.1,1181,85032,3025
Telangana,Jagtial,82.36,87.2,24.64,35.47,27.0,530,69960,2590
Telangana,Jangaon,99.57,99.23,82.41,85.32,20.0,1322,125590,6266
Telangana,Jayashankar Bhupalpally,58.32,76.95,8.42,18.49,38.9,1212,119988,3088
Telangana,Jogulamba Gadwal,98.83,97.26,80.63,70.17,18.4,1597,221983,12060
Telangana,Kamareddy,73.77,100.0,47.95,27.24,28.6,1270,125730,4391
Telangana,Karimnagar,89.19,86.96,40.96,28.14,22.3,1258,172346,7739
Telangana,Khammam,91.09,94.1,48.24,29.67,31.4,656,60352,1924
Telangana,Kumuram Bheem Asifabad,43.43,75.8,17.66,10.44,48.4,848,110240,2276
Telangana,Mahabubabad,98.31,99.85,84.08,76.54,19.6,1550,153450,7820
Telangana,Mahabubnagar,87.63,84.71,20.02,37.0,30.4,1304,79544,2613
Telangana,Mancherial,85.89,78.91,58.7,24.14,33.0,1578,145176,4396
Telangana,Medak,81.2,91.75,36.56,36.02,26.1,487,25811,990
Telangana,Medchal-Malkajgiri,89.36,87.19,39.47,41.96,32.7,1090,118810,3634
Telangana,Mulugu,99.25,97.64,86.79,84.97,20.0,425,41225,2057
Telangana,Nagarkurnool,97.18,99.1,88.85,93.47,16.5,1000,154000,9324
Telangana,Nalgonda,89.78,96.34,47.89,23.43,22.7,579,80481,3550
Telangana,Nirmal,95.13,99.25,53.43,46.63,25.7,737,106865,4161
Telangana,Nizamabad,99.13,99.11,88.1,82.91,21.9,1717,233512,10686
Telangana,Peddapalli,99.77,99.51,81.31,86.81,13.8,1621,136164,9855
Telangana,Rajanna Sircilla,98.93,98.15,89.43,79.69,13.2,1368,139536,10558
Telangana,Rangareddy,93.29,90.01,48.95,25.42,25.6,1016,147320,5745
Telangana,Sangareddy,98.0,85.97,55.77,15.0,23.2,816,64464,2775
Telangana,Siddipet,78.5,92.06,42.86,38.79,30.8,1306,181534,5901
Telangana,Suryapet,87.58,84.07,55.58,29.11,24.3,1128,103776,4278
Telangana,Vikarabad,85.5,91.72,48.48,26.02,26.1,1629,218286,8379
Telangana,Wanaparthy,100.0,100.0,94.15,67.51,20.3,1178,121334,5979
Telangana,Warangal,98.75,99.95,89.01,72.09,20.2,944,118944,5880
Telangana,Yadadri Bhuvanagiri,51.36,62.81,16.6,2.8,53.7,471,48042,895
Tripura,Dhalai,90.22,92.92,44.0,34.43,29.6,1107,178227,6012
Tripura,Gomati,93.04,94.36,35.34,34.21,26.8,797,103610,3866
Tripura,Khowai,48.55,71.55,5.58,16.6,36.6,1287,184041,5025
Tripura,North Tripura,84.58,94.26,32.71,49.52,28.1,961,106671,3801
Tripura,Sepahijala,92.85,87.08,37.51,32.78,23.3,1928,198584,8525
Tripura,South Tripura,92.99,91.05,35.15,34.94,31.1,1124,174220,5595
Tripura,Unakoti,94.13,94.59,40.4,24.2,25.5,1278,173808,6803
Tripura,West Tripura,95.24,98.99,86.26,77.5,21.9,1368,217512,9943
Uttar Pradesh,Agra,99.69,100.0,90.51,75.33,14.8,150,18750,1269
Uttar Pradesh,Aligarh,91.47,89.49,54.34,21.8,27.3,1099,127484,4667
Uttar Pradesh,Ambedkar Nagar,100.0,98.9,82.64,71.57,22.0,627,64581,2937
Uttar Pradesh,Amethi,75.33,69.68,11.88,8.11,36.3,1172,127748,3517
Uttar Pradesh,Amroha,98.77,97.49,88.18,89.15,17.4,1458,188082,10816
Uttar Pradesh,Auraiya,84.35,84.71,35.82,37.93,27.8,1710,244530,8803
Uttar Pradesh,Azamgarh,64.47,67.63,6.23,9.63,42.4,744,116064,2738
Uttar Pradesh,Baghpat,100.0,97.86,79.9,75.05,19.8,1397,169037,8524
Uttar Pradesh,Bahraich,58.29,52.12,14.29,7.5,37.9,586,70320,1854
Uttar Pradesh,Ballia,59.28,47.98,12.11,8.61,38.7,1351,156716,4052
Uttar Pradesh,Balrampur,89.7,92.67,50.35,45.17,29.4,1009,100900,3437
Uttar Pradesh,Banda,96.91,99.15,95.57,76.77,19.4,899,112375,5807
Uttar Pradesh,Barabanki,95.56,93.43,29.29,40.71,30.5,1269,177660,5831
Uttar Pradesh,Bareilly,45.0,65.63,18.66,13.1,45.3,846,74448,1643
Uttar Pradesh,Basti,88.69,90.9,44.0,26.95,29.8,1244,159232,5352
Uttar Pradesh,Bhadohi,91.56,88.63,40.11,46.08,25.0,1012,158884,6362
Uttar Pradesh,Bijnor,97.68,98.9,81.7,63.95,17.6,795,100965,5726
Uttar Pradesh,Budaun,100.0,96.79,81.74,84.07,11.5,1734,227154,19838
Uttar Pradesh,Bulandshahr,94.5,87.18,40.57,33.39,36.6,1727,212421,5811
Uttar Pradesh,Chandauli,58.05,71.35,26.35,9.91,42.3,1064,135128,3196
Uttar Pradesh,Chitrakoot,84.48,92.48,30.67,32.39,30.9,1347,142782,4615
Uttar Pradesh,Deoria,52.22,75.35,4.74,1.98,36.4,1195,94405,2591
Uttar Pradesh,Etah,93.72,85.38,47.24,29.21,27.7,558,83700,3017
Uttar Pradesh,Etawah,97.06,97.93,100.0,84.99,20.9,1383,146598,7018
Uttar Pradesh,Ayodhya,80.16,88.51,35.22,25.82,21.7,1245,207915,9595
Uttar Pradesh,Farrukhabad,61.7,63.94,11.76,0.5,39.5,629,77996,1976
Uttar Pradesh,Fatehpur,98.11,98.13,85.9,80.93,22.6,1474,185724,8233
Uttar Pradesh,Firozabad,43.63,54.27,15.59,7.0,43.5,1591,117734,2706
Uttar Pradesh,Gautam Buddha Nagar,100.0,99.97,68.56,100.0,19.0,1008,136080,7175
Uttar Pradesh,Ghaziabad,43.27,70.46,7.24,18.1,42.4,1459,140064,3306
Uttar Pradesh,Ghazipur,92.9,89.94,30.88,32.61,35.7,1543,166644,4664
Uttar Pradesh,Gonda,32.57,56.68,3.56,0.5,46.7,1224,211752,4532
Uttar Pradesh,Gorakhpur,82.01,89.99,31.06,29.05,27.1,1050,127050,4686
Uttar Pradesh,Hamirpur,93.83,94.33,37.31,34.7,31.2,1614,161400,5176
Uttar Pradesh,Hapur,92.25,91.66,34.34,43.0,28.6,503,55833,1951
Uttar Pradesh,Hardoi,88.24,86.97,57.28,47.64,26.5,1003,116348,4395
Uttar Pradesh,Hathras,86.8,87.04,20.0,52.55,28.0,1128,145512,5196
Uttar Pradesh,Jalaun,87.52,87.85,34.94,16.61,22.6,753,104667,4634
Uttar Pradesh,Jaunpur,63.7,56.18,1.0,8.05,39.5,1021,151108,3828
Uttar Pradesh,Jhansi,88.83,85.12,32.94,32.37,24.4,1171,175650,7206
Uttar Pradesh,Kannauj,79.72,90.44,54.15,34.14,30.9,1085,135625,4391
Uttar Pradesh,Kanpur Dehat,60.29,59.28,23.94,10.89,49.8,1628,210012,4215
Uttar Pradesh,Kanpur Nagar,96.31,90.94,37.7,35.15,24.0,359,33746,1407
Uttar Pradesh,Kasganj,88.44,95.31,36.44,45.1,23.2,832,135616,5856
Uttar Pradesh,Kaushambi,55.57,63.26,13.41,1.97,40.0,1201,187356,4682
Uttar Pradesh,Kheri,34.95,82.63,11.25,2.45,34.3,1309,103411,3019
Uttar Pradesh,Kushinagar,84.64,88.75,56.44,45.18,25.4,1114,80208,3154
Uttar Pradesh,Lalitpur,30.53,52.71,18.74,11.9,44.3,616,60368,1362
Uttar Pradesh,Lucknow,97.21,98.83,83.17,70.98,19.0,1291,126518,6642
Uttar Pradesh,Maharajganj,89.83,95.62,59.28,39.91,29.8,1103,165450,5543
Uttar Pradesh,Mahoba,81.58,94.57,42.12,49.91,30.4,1172,131264,4324
Uttar Pradesh,Mainpuri,91.15,92.39,41.02,35.92,31.6,654,92214,2919
Uttar Pradesh,Mathura,91.13,95.93,37.84,35.06,28.8,1495,197340,6847
Uttar Pradesh,Mau,40.13,67.91,24.03,11.06,51.8,1617,258720,4991
Uttar Pradesh,Meerut,98.96,99.52,87.04,80.04,20.2,991,174416,8623
Uttar Pradesh,Mirzapur,82.43,94.06,58.79,33.23,23.6,1662,209412,8892
Uttar Pradesh,Moradabad,92.88,89.45,62.32,15.0,29.5,1736,213528,7237
Uttar Pradesh,Muzaffarnagar,98.95,98.57,85.17,64.95,15.8,885,123900,7819
Uttar Pradesh,Pilibhit,48.14,59.58,9.73,4.26,43.6,1351,194544,4460
Uttar Pradesh,Pratapgarh,62.83,70.53,10.03,6.03,36.8,844,105500,2868
Uttar Pradesh,Raebareli,46.37,79.68,11.77,15.51,45.4,889,104902,2309
Uttar Pradesh,Rampur,77.96,90.95,38.14,23.87,34.1,1612,241800,7093
Uttar Pradesh,Saharanpur,64.39,52.65,9.6,6.3,31.7,977,100631,3170
Uttar Pradesh,Sambhal,88.76,100.0,44.79,36.27,27.0,1495,130065,4817
Uttar Pradesh,Sant Kabir Nagar,77.75,63.76,9.63,12.85,36.7,1487,240894,6572
Uttar Pradesh,Shahjahanpur,52.1,85.53,15.87,11.28,50.2,1852,235204,4685
Uttar Pradesh,Shamli,92.78,96.98,33.38,17.7,27.8,498,54780,1972
Uttar Pradesh,Shravasti,89.89,88.62,43.58,24.98,31.2,774,43344,1391
Uttar Pradesh,Siddharthnagar,86.76,94.58,45.8,23.35,28.4,1375,167750,5905
Uttar Pradesh,Sitapur,51.82,69.86,1.57,3.53,34.2,1739,245199,7176
Uttar Pradesh,Sonbhadra,89.11,82.75,52.44,48.87,30.3,1185,163530,5399
Uttar Pradesh,Sultanpur,98.91,99.93,92.23,78.01,16.0,1040,141440,8830
Uttar Pradesh,Unnao,50.93,57.49,11.99,13.54,42.8,1089,140481,3281
Uttar Pradesh,Varanasi,88.5,80.33,51.97,39.07,28.1,1624,253344,9027
Uttarakhand,Almora,91.77,88.21,61.9,49.68,34.7,833,111622,3217
Uttarakhand,Bageshwar,49.27,68.28,7.17,14.13,37.3,421,76201,2044
Uttarakhand,Chamoli,99.16,97.93,83.7,74.81,18.0,1521,211419,11734
Uttarakhand,Champawat,58.04,65.05,18.47,0.5,37.5,808,121200,3231
Uttarakhand,Dehradun,83.57,83.57,50.49,25.91,26.6,2152,307736,11570
Uttarakhand,Haridwar,86.73,89.39,54.07,41.63,28.3,1241,93075,3288
Uttarakhand,Nainital,77.86,89.12,38.67,40.86,28.8,890,110360,3833
Uttarakhand,Pauri Garhwal,85.49,100.0,48.86,19.39,35.3,946,85140,2413
Uttarakhand,Pithoragarh,98.0,91.73,52.01,42.33,27.2,971,103897,3823
Uttarakhand,Rudraprayag,100.0,99.2,95.5,79.31,15.7,623,86597,5503
Uttarakhand,Tehri Garhwal,98.0,85.57,50.13,21.24,25.8,1307,88876,3447
Uttarakhand,Udham Singh Nagar,98.47,98.16,89.84,78.51,20.8,1088,85952,4128
Uttarakhand,Uttarkashi,79.08,80.45,51.33,60.58,29.7,1868,287672,9672
West Bengal,Alipurduar,84.89,91.76,50.24,35.13,26.5,237,33417,1261
West Bengal,Bankura,100.0,97.84,89.84,74.68,16.9,1724,155160,9180
West Bengal,Birbhum,82.05,99.02,43.54,47.47,21.6,592,54464,2520
West Bengal,Cooch Behar,85.11,82.98,48.69,39.35,24.4,872,86328,3536
West Bengal,Dakshin Dinajpur,96.75,96.1,84.32,76.13,17.0,795,114480,6727
West Bengal,Darjeeling,100.0,98.17,96.2,83.3,18.1,1062,124254,6862
West Bengal,Hooghly,94.9,84.31,42.25,47.49,31.9,750,85500,2677
West Bengal,Howrah,92.37,93.32,54.75,38.84,30.2,1337,223279,7391
West Bengal,Jalpaiguri,97.87,99.05,76.88,69.09,19.0,910,107380,5659
West Bengal,Jhargram,97.71,97.8,67.24,51.38,37.6,1374,126408,3360
West Bengal,Kalimpong,97.0,100.0,85.41,81.14,16.4,1028,134668,8235
West Bengal,Kolkata,42.34,67.57,21.07,0.5,32.8,1470,235200,7181
West Bengal,Malda,97.77,97.0,96.46,72.7,16.9,1327,132700,7844
West Bengal,Murshidabad,82.74,85.71,63.58,46.6,30.3,325,44525,1469
West Bengal,Nadia,91.15,83.61,47.59,45.51,30.3,927,111240,3674
West Bengal,North 24 Parganas,92.38,90.3,57.54,38.96,31.0,1528,132936,4286
West Bengal,Paschim Bardhaman,98.57,98.67,93.35,84.17,17.4,687,49464,2836
West Bengal,Paschim Medinipur,89.86,86.41,51.66,18.57,34.4,1465,178730,5199
West Bengal,Purba Bardhaman,98.0,94.74,40.25,35.78,20.1,1625,180375,8954
West Bengal,Purba Medinipur,95.53,97.82,91.97,94.52,18.1,807,62139,3440
West Bengal,Purulia,71.98,69.49,10.02,5.16,46.0,1457,135501,2943
West Bengal,South 24 Parganas,41.29,54.08,9.19,4.55,51.7,998,81836,1582
West Bengal,Uttar Dinajpur,40.68,63.16,1.07,7.7,34.0,1663,204549,6019
Delhi,Central Delhi,100.0,98.91,84.15,94.68,18.4,1763,317340,17235
Delhi,East Delhi,98.19,99.35,92.84,86.91,20.3,666,62604,3086
Delhi,New Delhi,97.76,100.0,75.12,93.71,20.3,1661,152812,7513
Delhi,North Delhi,98.61,99.3,87.04,82.66,17.2,1254,189354,11027
Delhi,North East Delhi,96.75,100.0,92.86,71.31,19.2,1560,127920,6679
Delhi,North West Delhi,98.56,98.92,79.84,80.83,16.2,1749,176649,10904
Delhi,Shahdara,99.69,97.34,83.71,80.11,17.4,1041,103059,5917
Delhi,South Delhi,99.63,100.0,84.34,70.13,23.4,848,64448,2756
Delhi,South East Delhi,95.48,99.1,83.26,89.28,19.8,1316,146076,7365
Delhi,South West Delhi,100.0,100.0,93.07,75.83,20.3,1039,89354,4392
Delhi,West Delhi,82.61,88.21,46.04,55.61,24.5,1729,190190,7771
Jammu & Kashmir,Anantnag,30.8,76.96,2.89,10.52,45.8,704,52096,1138
Jammu & Kashmir,Bandipora,83.52,86.69,52.53,28.85,24.6,955,146115,5945
Jammu & Kashmir,Baramulla,88.08,89.1,43.9,47.92,25.0,1726,217476,8697
Jammu & Kashmir,Budgam,53.07,90.0,5.67,6.23,34.6,1580,268600,7761
Jammu & Kashmir,Doda,98.0,96.12,43.02,31.35,21.3,2014,269876,12661
Jammu & Kashmir,Ganderbal,97.76,100.0,77.22,83.66,17.5,1455,171690,9820
Jammu & Kashmir,Jammu,37.59,65.76,18.29,7.85,46.7,781,92939,1992
Jammu & Kashmir,Kathua,84.25,93.73,45.31,41.9,32.4,1476,188928,5839
Jammu & Kashmir,Kishtwar,82.01,89.99,39.67,31.56,26.5,808,49288,1859
Jammu & Kashmir,Kulgam,83.99,90.97,31.52,35.16,35.6,1609,271921,7637
Jammu & Kashmir,Kupwara,99.09,100.0,79.21,74.2,9.8,1674,277884,28406
Jammu & Kashmir,Poonch,84.68,88.73,37.46,38.83,32.5,502,66264,2038
Jammu & Kashmir,Pulwama,98.08,99.11,88.67,78.31,17.7,1114,165986,9383
Jammu & Kashmir,Rajouri,60.03,67.21,4.37,6.11,47.4,1215,168885,3563
Jammu & Kashmir,Ramban,100.0,100.0,85.75,75.4,10.3,1132,124520,12043
Jammu & Kashmir,Reasi,90.34,89.23,41.8,17.21,24.2,1390,237690,9805
Jammu & Kashmir,Samba,53.83,68.28,17.71,3.95,44.2,903,130935,2962
Jammu & Kashmir,Shopian,56.82,67.98,7.3,11.54,54.5,796,86764,1591
Jammu & Kashmir,Srinagar,89.39,93.93,39.4,15.0,33.4,1504,100768,3013
Jammu & Kashmir,Udhampur,84.35,97.84,59.48,44.39,27.3,1233,143028,5239
Ladakh,Kargil,94.77,92.43,42.31,29.86,32.2,989,151317,4692
Ladakh,Leh,84.45,100.0,28.59,25.43,27.4,406,17052,622
Puducherry,Karaikal,76.15,100.0,45.46,28.59,38.0,672,80640,2122
Puducherry,Mahe,98.77,100.0,87.88,75.51,15.1,1063,94607,6246
Puducherry,Puducherry,98.57,98.44,73.05,91.3,16.5,692,78888,4779
Puducherry,Yanam,98.6,97.25,87.65,70.58,23.1,1409,152172,6578
Chandigarh,Chandigarh,83.53,89.48,51.13,34.75,27.1,1223,123523,4552
Andaman & Nicobar Islands,Nicobar,98.0,87.24,48.74,43.52,33.1,1094,71110,2146
Andaman & Nicobar Islands,North and Middle Andaman,89.6,90.64,41.54,33.66,28.6,1344,173376,6067
Andaman & Nicobar Islands,South Andaman,86.69,91.92,42.15,41.42,25.5,1229,87259,3423
Dadra & Nagar Haveli and Daman & Diu,Dadra and Nagar Haveli,85.78,87.76,32.85,15.0,27.1,1254,147972,5464
Dadra & Nagar Haveli and Daman & Diu,Daman,98.28,99.04,93.18,78.29,16.3,1087,148919,9148
Dadra & Nagar Haveli and Daman & Diu,Diu,96.47,86.86,45.99,38.38,24.0,1208,91808,3820
Lakshadweep,Lakshadweep,77.39,91.83,41.16,37.02,27.9,809,95462,3418
